{"cameraMode":{"drawMode":0,"name":"Shaded","section":"Shading Mode"},"sceneLighting":true,"audioPlay":false,"sceneViewState":{"m_AlwaysRefresh":false,"showFog":true,"showSkybox":true,"showFlares":true,"showImageEffects":true,"showParticleSystems":true,"showVisualEffectGraphs":true,"m_FxEnabled":true},"in2DMode":false,"pivot":{"x":0.3784329891204834,"y":4.067017555236816,"z":8.277048110961914},"rotation":{"x":0.03080512024462223,"y":0.7051709294319153,"z":-0.030694110319018365,"w":0.7077093124389648},"size":1.569069504737854,"orthographic":true}