{"cameraMode":{"drawMode":0,"name":"Shaded","section":"Shading Mode"},"sceneLighting":true,"audioPlay":false,"sceneViewState":{"m_AlwaysRefresh":false,"showFog":true,"showSkybox":true,"showFlares":true,"showImageEffects":true,"showParticleSystems":true,"showVisualEffectGraphs":true,"m_FxEnabled":true},"in2DMode":false,"pivot":{"x":0.9381420612335205,"y":2.266345500946045,"z":-1.136138677597046},"rotation":{"x":0.02424451895058155,"y":0.6654829382896423,"z":-0.021635962650179864,"w":0.7457201480865479},"size":5.128866672515869,"orthographic":true}